LastName,FirstName,email
Doe,John,john.doe@example.com
Smith,Alice,alice.smith@example.com
Johnson,Michael,michael.johnson@example.com
Brown,Emma,emma.brown@example.com
Wilson,James,james.wilson@example.com
Martinez,Sophia,sophia.martinez@example.com
Taylor,William,william.taylor@example.com
Anderson,Olivia,olivia.anderson@example.com
Thomas,Ethan,ethan.thomas@example.com
Jackson,Emily,emily.jackson@example.com
White,Liam,liam.white@example.com
Harris,Mia,mia.harris@example.com
Martin,Isabella,isabella.martin@example.com
Lee,Noah,noah.lee@example.com
Clark,Ava,ava.clark@example.com
Lewis,Mason,mason.lewis@example.com
Walker,Charlotte,charlotte.walker@example.com
Allen,Amelia,amelia.allen@example.com
Young,Elijah,elijah.young@example.com
Hill,Sofia,sofia.hill@example.com
Scott,Alexander,alexander.scott@example.com
Green,Harper,harper.green@example.com
Adams,Evelyn,evelyn.adams@example.com
Baker,Sebastian,sebastian.baker@example.com
Gonzalez,Avery,avery.gonzalez@example.com
Nelson,Ella,ella.nelson@example.com
Carter,Michaela,michaela.carter@example.com
Mitchell,Grace,grace.mitchell@example.com
Perez,Lucas,lucas.perez@example.com
Roberts,Aria,aria.roberts@example.com
